Label,AUC
distorted Cs,0.5360243055555556
slow rate,0.5885668276972624
irregular artic breakdowns,0.5942857142857142
rapid rate,0.6079545454545454
distorted V,0.4429347826086957
strained,0.40033879164313946
